운용사,유동성공급자(LP),종목명,기초지수명,순자산규모(억원),최초설정일,상장일
삼성자산운용,"미래에셋대우, 한국증권, 키움증권, NH투자증권, 메리츠, KB증권",KODEX 은행,KRX 은행,"720","2006/06/26","2006/06/27"
삼성자산운용,"키움증권, 유안타증권, NH투자증권, 메리츠, KB증권",KODEX 반도체,KRX 반도체,"134","2006/06/26","2006/06/27"
삼성자산운용,"미래에셋대우, 키움증권, NH투자증권, 메리츠, KB증권, 유안타증권",KODEX 자동차,KRX 자동차,"234","2006/06/26","2006/06/27"
미래에셋자산운용,"KB증권, 메리츠, 유안타증권, NH투자증권",TIGER KRX100,KRX 100,"46","2006/06/26","2006/06/27"
미래에셋자산운용,"미래에셋대우, NH투자증권, 하나금융투자, KB증권, 유안타증권, 키움증권, 교보증권, 메리츠",TIGER 반도체,KRX 반도체,"134","2006/06/26","2006/06/27"
미래에셋자산운용,"미래에셋대우, NH투자증권, 유안타증권, 메리츠, KB증권",TIGER 은행,KRX 은행,"43","2006/06/26","2006/06/27"
유리에셋,"메리츠, 유진증권, 유안타증권, 리딩투자, 한화투자",TREX 중소형가치,MKF 중소형 가치,"50","2007/07/30","2007/07/31"
미래에셋자산운용,"미래에셋대우, NH투자증권, 하이증권, 메리츠, KB증권, 한화투자",TIGER 방송통신,KRX 방송통신,"75","2007/09/06","2007/09/07"
삼성자산운용,"삼성증권, 키움증권, 유진증권",KODEX China H,Hang Seng China H,"435","2007/10/09","2007/10/10"
키움투자자산운용,"키움증권, 미래에셋대우, 신한투자, NH투자증권",KOSEF KRX100,KRX 100,"80","2008/01/22","2008/01/23"
삼성자산운용,유진증권,KODEX 일본TOPIX100,TOPIX100,"79","2008/02/19","2008/02/20"
미래에셋자산운용,"씨엘, 삼성증권, 하나금융투자, 유안타증권, 에스지, 부국증권, 신한투자, 한국증권, 미래에셋대우, 유진증권, 메리츠, NH투자증권, KB증권, 한화투자, SK증권, DB금투, 하이증권, 리딩투자, 키움증권, 교보증권, 이베스트",TIGER 200,코스피 200,"27,385","2008/04/02","2008/04/03"
삼성자산운용,"KB증권, 유안타증권, 신한투자, 미래에셋대우, 유진증권, 메리츠, 하이증권, NH투자증권",KODEX 삼성그룹,삼성그룹,"10,641","2008/05/20","2008/05/21"
삼성자산운용,"KB증권, 키움증권, 메리츠, 유안타증권, NH투자증권",KODEX 기계장비,KRX 기계장비,"98","2008/05/28","2008/05/29"
삼성자산운용,"키움증권, 유안타증권, 메리츠, KB증권, NH투자증권",KODEX 증권,KRX 증권,"640","2008/05/28","2008/05/29"
키움투자자산운용,"미래에셋대우, KB증권, NH투자증권, 키움증권, 유진증권",KOSEF 블루칩,MKF 블루칩,"115","2008/07/28","2008/07/29"
키움투자자산운용,"키움증권, 유진증권, SK증권, NH투자증권",KOSEF 고배당,MKF 웰스 고배당20,"101","2008/07/28","2008/07/29"
미래에셋자산운용,"미래에셋대우, NH투자증권",TIGER 라틴35,BNY Latin America 35 ADR,"57","2008/08/26","2008/08/27"
한국투자신탁운용,"SK증권, 신한투자, 한국증권, 대신증권, 미래에셋대우, NH투자증권, KB증권, 한화투자, DB금투, 하이증권, 하나금융투자, 메리츠, 삼성증권, 교보증권, 이베스트, 유진증권, 유안타증권",KINDEX 200,코스피 200,"6,755","2008/09/24","2008/09/25"
케이비자산운용,"삼성증권, 유진증권, NH투자증권, 하이증권, KB증권, 키움증권",KBSTAR 5대그룹주,MKF 5대그룹주,"128","2008/10/21","2008/10/22"
유리에셋,"KB증권, 유진증권, NH투자증권, 리딩투자, 하나금융투자, 한화투자",TREX 200,코스피 200,"206","2009/01/21","2009/01/23"
한국투자신탁운용,"메리츠, 키움증권, KB증권, NH투자증권",KINDEX 삼성그룹섹터가중,MKF SAMs SW,"276","2009/02/02","2009/02/03"
케이비자산운용,"미래에셋대우, KB증권, 삼성증권, 키움증권",KBSTAR 국고채3년,KTB INDEX(시장가격),"743","2009/07/28","2009/07/29"
삼성자산운용,"미래에셋대우, NH투자증권",KODEX 국고채3년,MKF 국고채지수(총수익),"851","2009/07/28","2009/07/29"
키움투자자산운용,"한국증권, 미래에셋대우, IBK증권, 메리츠, 키움증권",KOSEF 국고채3년,KTB INDEX(시장가격),"370","2009/07/30","2009/07/31"
한국투자신탁운용,미래에셋대우,KINDEX 중기국고채,KTB INDEX(시장가격),"192","2009/07/30","2009/07/31"
미래에셋자산운용,"한국증권, 미래에셋대우",TIGER 국채3년,KTB INDEX(시장가격),"531","2009/08/26","2009/08/27"
삼성자산운용,"이베스트, SK증권, 씨엘, BNK증권, 한국증권, 미래에셋대우, 유진증권, 메리츠, NH투자증권, KB증권, 삼성증권, DB금투, 하이증권, 키움증권, 신한투자",KODEX 인버스,코스피 200 선물지수,"4,905","2009/09/14","2009/09/16"
삼성자산운용,"키움증권, 메리츠, 유안타증권, KB증권, NH투자증권",KODEX 에너지화학,KRX 에너지화학,"114","2009/10/09","2009/10/12"
미래에셋자산운용,"미래에셋대우, NH투자증권, KB증권",TIGER 차이나항셍25,Hang Seng China (Hong Kong-listed) 25 Index,"79","2009/10/20","2009/10/21"
삼성자산운용,"키움증권, 메리츠, KB증권, 하이증권, NH투자증권",KODEX 철강,KRX 철강,"118","2009/10/29","2009/10/30"
삼성자산운용,"유진증권, 키움증권, 메리츠, 미래에셋대우, KB증권, NH투자증권",KODEX 건설,KRX 건설,"171","2009/10/29","2009/10/30"
한화자산운용,"미래에셋대우, 신한투자, KB증권, 하이증권, 대신증권, 유안타증권, 메리츠, NH투자증권",ARIRANG 코스피50,코스피 50,"884","2010/01/06","2010/01/07"
키움투자자산운용,"메리츠, 키움증권, 한국증권, 미래에셋대우, IBK증권",KOSEF 통안채1년,MK 통안채지수(총수익),"827","2010/01/13","2010/01/14"
삼성자산운용,"씨엘, BNK증권, 교보증권, 대신증권, 키움증권, 이베스트, 신한투자, 한국증권, 미래에셋대우, 유진증권, 메리츠, NH투자증권, KB증권, SK증권, 삼성증권, DB금투, 하이증권, 한화투자, 하나금융투자",KODEX 레버리지,코스피 200,"23,727","2010/02/17","2010/02/22"
미래에셋자산운용,"교보증권, 한국증권, 대신증권, 미래에셋대우, 메리츠, NH투자증권, KB증권, 한화투자, SK증권, DB금투, 하이증권, 키움증권, 리딩투자, 하나금융투자, 이베스트",TIGER 인버스,코스피 200 선물지수,"461","2010/03/26","2010/03/29"
미래에셋자산운용,NH투자증권,TIGER 레버리지,코스피 200,"274","2010/04/08","2010/04/09"
키움투자자산운용,"메리츠, 키움증권, 한국증권, 미래에셋대우, IBK증권",KOSEF 단기자금,MK 머니마켓 지수(총수익),"453","2010/07/28","2010/07/29"
미래에셋자산운용,"미래에셋대우, KB증권, NH투자증권, 키움증권, 메리츠, 한국증권, 대신증권",TIGER 원유선물Enhanced(H),S&P GSCI Crude Oil Enhanced Index ER,"462","2010/07/30","2010/08/02"
한국투자신탁운용,"NH투자증권, 하이증권, KB증권",KINDEX 삼성그룹동일가중,MKF SAMs EW 지수,"80","2010/09/16","2010/09/17"
삼성자산운용,"KB증권, 삼성증권, NH투자증권, 유진증권, SK증권, 미래에셋대우, DB금투, 하이증권",KODEX 골드선물(H),S&P GSCI Gold Index(TR),"781","2010/09/30","2010/10/01"
미래에셋자산운용,"미래에셋대우, 신한투자, 메리츠, 키움증권, 하이증권, NH투자증권",TIGER 미국나스닥100,NASDAQ 100,"709","2010/10/15","2010/10/18"
미래에셋자산운용,"미래에셋대우, NH투자증권, 한국증권, 신한투자",TIGER 농산물선물Enhanced(H),S&P GSCI Agriculture Enhanced Index(ER),"408","2011/01/10","2011/01/11"
마이다스에셋,"NH투자증권, 리딩투자",마이다스 200커버드콜5%OTM,코스피 200 커버드콜 5% OTM,"195","2011/02/10","2011/02/15"
키움투자자산운용,"신한투자, 미래에셋대우, 메리츠, KB증권, 키움증권, 리딩투자",KOSEF 미국달러선물,미국달러선물지수,"258","2011/02/23","2011/02/24"
미래에셋자산운용,"미래에셋대우, KB증권, NH투자증권, 하나금융투자, 신한투자",TIGER 삼성그룹펀더멘털,MKF SAMs FW,"86","2011/03/04","2011/03/07"
미래에셋자산운용,"미래에셋대우, KB증권, NH투자증권",TIGER 현대차그룹+펀더멘털,MKF 현대차그룹+ FW,"61","2011/03/09","2011/03/10"
미래에셋자산운용,"미래에셋대우, KB증권, NH투자증권",TIGER LG그룹+펀더멘털,MKF LG그룹+ FW,"54","2011/03/09","2011/03/10"
삼성자산운용,"삼성증권, 한국증권, 유진증권, 하이증권",KODEX 구리선물(H),S&P GSCI North American Copper Index(TR),"48","2011/03/11","2011/03/15"
삼성자산운용,"미래에셋대우, 한국증권, SK증권, 하이증권",KODEX 콩선물(H),S&P GSCI Soybeans Index(TR),"84","2011/03/11","2011/03/15"
키움투자자산운용,"신한투자, 미래에셋대우, 메리츠, KB증권, 리딩투자",KOSEF 미국달러선물인버스,미국달러선물지수,"105","2011/03/31","2011/04/01"
미래에셋자산운용,"삼성증권, 미래에셋대우, 한국증권, 유안타증권, 하나금융투자, NH투자증권, KB증권, 한화투자, 메리츠",TIGER 200 건설,코스피 200 건설,"136","2011/04/05","2011/04/06"
미래에셋자산운용,"삼성증권, 미래에셋대우, 한국증권, 메리츠, 유안타증권, 하나금융투자, NH투자증권, KB증권, 한화투자",TIGER 200 중공업,코스피 200 중공업,"137","2011/04/05","2011/04/06"
미래에셋자산운용,"삼성증권, 미래에셋대우, 한국증권, 메리츠, 유안타증권, NH투자증권, KB증권, 한화투자",TIGER 200 철강소재,코스피 200 철강/소재,"307","2011/04/05","2011/04/06"
미래에셋자산운용,"삼성증권, 미래에셋대우, NH투자증권, 한화투자, 메리츠, 유안타증권, 하나금융투자, KB증권",TIGER 200 에너지화학,코스피 200 에너지/화학,"394","2011/04/05","2011/04/06"
미래에셋자산운용,"삼성증권, 키움증권, 미래에셋대우, 한화투자, 메리츠, 유안타증권, 하나금융투자, 하이증권, NH투자증권, KB증권",TIGER 200 IT,코스피 200 정보기술,"2,363","2011/04/05","2011/04/06"
미래에셋자산운용,"삼성증권, 미래에셋대우, NH투자증권, 메리츠, 유안타증권, KB증권",TIGER 200 금융,코스피 200 금융,"288","2011/04/05","2011/04/06"
미래에셋자산운용,"미래에셋대우, NH투자증권, 메리츠, 유안타증권, 하나금융투자, KB증권, 키움증권",TIGER 경기방어,코스피 200 경기방어소비재,"1,589","2011/04/05","2011/04/06"
미래에셋자산운용,"삼성증권, 미래에셋대우, 메리츠, 유안타증권, NH투자증권, KB증권",TIGER 200 경기소비재,코스피 200 경기소비재,"82","2011/04/05","2011/04/06"
미래에셋자산운용,"미래에셋대우, 하이증권, 신한투자, 한국증권",TIGER 금속선물(H),S&P GSCI Industrial Metals Select Index(TR),"30","2011/04/07","2011/04/08"
미래에셋자산운용,"미래에셋대우, 하이증권, 한국증권",TIGER 금은선물(H),S&P GSCI Precious Metals Index(TR),"47","2011/04/07","2011/04/08"
케이비자산운용,"키움증권, 미래에셋대우, KB증권, 삼성증권",KBSTAR 중기우량회사채,KOBI 크레딧 지수(총수익),"837","2011/04/11","2011/04/15"
케이비자산운용,"NH투자증권, 삼성증권, 유진증권, KB증권, 키움증권",KBSTAR 우량업종,MKF 우량업종대표주 지수,"58","2011/04/14","2011/04/15"
케이비자산운용,"NH투자증권, 삼성증권, 유진증권, KB증권, 키움증권",KBSTAR 수출주,MKF 수출주 지수,"53","2011/04/14","2011/04/15"
삼성자산운용,"키움증권, 메리츠, NH투자증권",KODEX 운송,KRX 운송,"21","2011/04/25","2011/04/26"
삼성자산운용,"키움증권, 메리츠, KB증권, 하이증권, NH투자증권",KODEX 보험,KRX 보험,"87","2011/04/25","2011/04/26"
교보악사자산운용,"유진증권, NH투자증권, KB증권, 하이증권, 리딩투자, 미래에셋대우",파워 코스피100,코스피 100,"110","2011/04/28","2011/05/03"
한국투자신탁운용,"미래에셋대우, 메리츠, KB증권, 키움증권, NH투자증권",KINDEX 밸류대형,FnGuide-RAFI 코리아 대형 지수,"172","2011/06/20","2011/06/21"
미래에셋자산운용,"신한투자, 한국증권, 미래에셋대우, NH투자증권, 메리츠, 키움증권",TIGER 미국S&P500선물(H),S&P 500 Futures Index(ER),"1,104","2011/07/15","2011/07/18"
미래에셋자산운용,"미래에셋대우, 하이증권, NH투자증권, 메리츠, KB증권, 하나금융투자, 부국증권, 유안타증권, 키움증권",TIGER 헬스케어,KRX 헬스케어,"1,074","2011/07/15","2011/07/18"
삼성자산운용,"유진증권, 삼성증권, 한국증권, 하이증권",KODEX 은선물(H),S&P GSCI Silver Index(TR),"305","2011/07/14","2011/07/18"
한국투자신탁운용,"NH투자증권, KB증권, 리딩투자, 하나금융투자, 이베스트, 유진증권",KINDEX 인버스,코스피 200 선물지수,"51","2011/09/07","2011/09/08"
유리에셋,"유진증권, 리딩투자",TREX 펀더멘탈 200,FnGuide-RAFI 코리아200 지수,"71","2011/09/22","2011/09/23"
삼성자산운용,"교보증권, 씨엘, 신한투자, 한국증권, 미래에셋대우, 유진증권, 메리츠, NH투자증권, KB증권, SK증권, 삼성증권, 하이증권, 키움증권, 리딩투자, BNK증권, IBK증권, 유안타증권, 이베스트, 하나금융투자, 대신증권, 한화투자, DB금투",KODEX 200,코스피 200,"59,322","2002/10/11","2002/10/14"
키움투자자산운용,"키움증권, 대신증권, 신한투자, 한국증권, 유진증권, 메리츠, NH투자증권, KB증권, SK증권, BNK증권, IBK증권, 미래에셋대우, DB금투, 하이증권, 리딩투자, 하나금융투자, 이베스트",KOSEF 200,코스피 200,"6,974","2002/10/11","2002/10/14"
케이비자산운용,"SK증권, 삼성증권, 미래에셋대우, 유진증권, NH투자증권, DB금투, 하이증권, 신한투자, 키움증권, 하나금융투자, BNK증권, IBK증권, 교보증권, KB증권, 대신증권, 이베스트, 한화투자, 유안타증권, 한국증권, 메리츠",KBSTAR 200,코스피 200,"11,335","2011/10/19","2011/10/20"
키움투자자산운용,"메리츠, 키움증권, 한국증권, 미래에셋대우, IBK증권",KOSEF 국고채10년,KIS 10년 국고채 지수 (총수익),"695","2011/10/19","2011/10/20"
미래에셋자산운용,"유진증권, 미래에셋대우, NH투자증권, KB증권, 메리츠",TIGER 모멘텀,FnGuide 모멘텀 지수,"259","2011/10/25","2011/10/26"
미래에셋자산운용,"미래에셋대우, NH투자증권, DB금투, 메리츠, 하나금융투자, 이베스트, KB증권, 유안타증권, 키움증권",TIGER 중국소비테마,FnGuide 중국내수테마 지수,"2,107","2011/12/15","2011/12/16"
한화자산운용,"한국증권, 미래에셋대우, 유진증권, 메리츠, NH투자증권, KB증권, 한화투자, 유안타증권, SK증권, 삼성증권, 하이증권, 리딩투자, 이베스트",ARIRANG 200,코스피 200,"8,138","2012/01/09","2012/01/10"
키움투자자산운용,"미래에셋대우, NH투자증권, DB금투",KOSEF 200 선물,코스피 200 선물지수,"170","2012/01/12","2012/01/13"
삼성자산운용,"키움증권, 미래에셋대우, 메리츠, 삼성증권",KODEX 국채선물10년,10년국채선물지수,"90","2012/01/19","2012/01/20"
한국투자신탁운용,"이베스트, 한국증권, 대신증권, 미래에셋대우, NH투자증권, KB증권, 하이증권, 하나금융투자",KINDEX 레버리지,코스피 200,"134","2012/01/25","2012/01/27"
교보악사자산운용,"대신증권, 미래에셋대우, 유진증권, 메리츠, NH투자증권, KB증권, DB금투, 하이증권, 리딩투자, 신한투자",파워 200,코스피 200,"1,366","2012/02/10","2012/02/13"
삼성자산운용,"유안타증권, 키움증권, 한국증권, 미래에셋대우, 메리츠, 삼성증권",KODEX 단기채권,KRW Cash 지수(총수익),"13,284","2012/02/21","2012/02/22"
키움투자자산운용,"하이증권, 키움증권, NH투자증권",KOSEF 코스피100,코스피 100,"80","2012/02/27","2012/02/28"
삼성자산운용,"삼성증권, NH투자증권, 신한투자, 미래에셋대우, 하이증권, 메리츠",KODEX MSCI Korea,MSCI Korea Index,"882","2012/04/27","2012/04/30"
미래에셋자산운용,"미래에셋대우, NH투자증권, 키움증권, 메리츠, KB증권, 유안타증권",TIGER 증권,FnGuide 증권 지수,"84","2012/05/15","2012/05/16"
미래에셋자산운용,"미래에셋대우, 하이증권, NH투자증권, 메리츠, KB증권",TIGER 소프트웨어,FnGuide 소프트웨어 지수,"283","2012/05/15","2012/05/16"
미래에셋자산운용,"한국증권, 미래에셋대우, 메리츠, KB증권, 키움증권",TIGER 단기통안채,KIS 통안채 3개월(총수익),"8,584","2012/05/15","2012/05/16"
디비자산운용,"미래에셋대우, 유진증권, KB증권, DB금투, 리딩투자",마이티 코스피100,코스피 100,"84","2012/07/04","2012/07/05"
한화자산운용,"한국증권, 대신증권, 미래에셋대우, 유진증권, 메리츠, NH투자증권, KB증권, 한화투자, 유안타증권, DB금투, 하이증권",ARIRANG 고배당주,FnGuide 배당주 지수,"3,786","2012/08/28","2012/08/29"
미래에셋자산운용,"미래에셋대우, NH투자증권, 리딩투자",TIGER 200커버드콜5%OTM,코스피 200 커버드콜 5% OTM,"85","2012/10/24","2012/10/25"
키움투자자산운용,"미래에셋대우, IBK증권, 메리츠, 키움증권",KOSEF 국고채10년레버리지,KIS 10년 국고채 지수 (총수익),"141","2012/10/29","2012/10/30"
하나UBS자산운용,"미래에셋대우, KB증권",KTOP 코스피50,코스피 50,"206","2012/11/09","2012/11/12"
한국투자신탁운용,"한국증권, 미래에셋대우, NH투자증권, KB증권, 대신증권",KINDEX 중국본토CSI300,CSI 300 Index,"2,114","2012/11/21","2012/11/29"
미래에셋자산운용,"미래에셋대우, 한국증권, 대신증권",TIGER 구리실물,S&P GSCI Cash Copper Index,"82","2012/12/14","2012/12/17"
미래에셋자산운용,"미래에셋대우, 메리츠, NH투자증권, KB증권",TIGER 베타플러스,FnGuide 베타플러스 지수,"155","2013/01/16","2013/01/17"
삼성자산운용,"한국증권, 미래에셋대우, NH투자증권, KB증권, SK증권, 삼성증권, 하이증권, 키움증권",KODEX 중국본토 A50,FTSE China A50 Index,"861","2013/01/09","2013/01/21"
교보악사자산운용,미래에셋대우,파워 중기국고채,KTB INDEX(시장가격),"61","2013/05/10","2013/05/22"
삼성자산운용,"미래에셋대우, 메리츠, KB증권, 키움증권",KODEX 국채선물10년인버스,10년국채선물지수,"219","2013/05/30","2013/05/31"
케이비자산운용,"삼성증권, 한국증권, 미래에셋대우, KB증권",KBSTAR 중국본토대형주CSI100,CSI 100,"405","2013/05/29","2013/06/04"
미래에셋자산운용,"미래에셋대우, 메리츠, NH투자증권, KB증권, 유안타증권",TIGER 로우볼,FnGuide Low Vol 지수,"376","2013/06/19","2013/06/20"
한국투자신탁운용,"미래에셋대우, NH투자증권, 한국증권, 대신증권",KINDEX 미국다우존스리츠(합성 H),Dow Jones US Real Estate Index,"81","2013/07/30","2013/08/01"
미래에셋자산운용,"메리츠, 미래에셋대우, 대신증권, NH투자증권, 한국증권",TIGER 미국MSCI리츠(합성 H),MSCI US REIT Index,"400","2013/10/08","2013/10/10"
케이비자산운용,"미래에셋대우, NH투자증권, KB증권, 삼성증권",KBSTAR 주식혼합,주식국채혼합(주식형)지수,"130","2013/10/16","2013/10/17"
케이비자산운용,"미래에셋대우, NH투자증권, KB증권, 삼성증권",KBSTAR 채권혼합,주식국채혼합(채권형)지수,"166","2013/10/16","2013/10/17"
삼성자산운용,"미래에셋대우, NH투자증권",KODEX 미국S&P바이오(합성),S&P Biotechnology Select Industry Index,"62","2013/10/30","2013/10/31"
한화자산운용,"미래에셋대우, NH투자증권, KB증권, 한화투자, 하이증권, 한국증권",ARIRANG 글로벌MSCI(합성 H),MSCI ACWI Index,"69","2013/12/06","2013/12/10"
한화자산운용,"신한투자, 미래에셋대우, KB증권, 한화투자, IBK증권",ARIRANG 단기유동성,KAP Money Market Index(총수익),"347","2013/12/17","2013/12/19"
한국투자신탁운용,"대신증권, 미래에셋대우, 키움증권",KINDEX 단기통안채,KIS MSB 단기지수(총수익),"1,962","2013/12/19","2013/12/23"
미래에셋자산운용,"신한투자, 메리츠, 대신증권, 키움증권, 한국증권, 미래에셋대우, NH투자증권, KB증권, 하나금융투자",TIGER 차이나CSI300,CSI 300 Index,"2,377","2014/01/27","2014/02/17"
교보악사자산운용,"미래에셋대우, NH투자증권, KB증권, 하이증권",파워 고배당저변동성,코스피 200 고배당지수,"159","2014/02/19","2014/02/20"
미래에셋자산운용,"신한투자, 대신증권, 미래에셋대우, 메리츠, 한국증권",TIGER 단기선진하이일드(합성 H),Markit iBoxx USD Liquid High Yield 0-5 year 지수,"270","2014/03/21","2014/03/24"
미래에셋자산운용,"메리츠, 대신증권, 미래에셋대우, 한국증권",TIGER 유로스탁스50(합성 H),EURO STOXX 50 Index,"378","2014/04/29","2014/04/30"
미래에셋자산운용,"대신증권, 미래에셋대우, 메리츠, NH투자증권, 한국증권",TIGER 일본TOPIX(합성 H),TOPIX,"287","2014/04/29","2014/04/30"
한화자산운용,"미래에셋대우, 키움증권, NH투자증권, KB증권",ARIRANG 선진국MSCI(합성 H),MSCI EAFE Index,"56","2014/05/12","2014/05/13"
한화자산운용,"NH투자증권, 미래에셋대우, 키움증권, 신한투자, KB증권",ARIRANG 신흥국MSCI(합성 H),MSCI EM Index,"303","2014/05/12","2014/05/13"
케이비자산운용,"한국증권, 미래에셋대우, KB증권, 삼성증권, 키움증권",KBSTAR 단기통안채,KIS 통안채 5개월 지수(총수익),"2,463","2014/05/14","2014/05/19"
삼성자산운용,"미래에셋대우, NH투자증권",KODEX 미국S&P IT(합성),S&P Select Sector Technology Index,"127","2014/06/11","2014/06/12"
삼성자산운용,"미래에셋대우, NH투자증권",KODEX 미국S&P금융(합성),S&P Select Sector Financials Index,"64","2014/06/11","2014/06/12"
삼성자산운용,"신한투자, 미래에셋대우, NH투자증권",KODEX 미국S&P산업재(합성),S&P Select Sector Industrial Index,"87","2014/06/11","2014/06/12"
한국투자신탁운용,"한국증권, 대신증권, 미래에셋대우, 하이증권",KINDEX 일본TOPIX레버리지(H),TOPIX,"72","2014/06/13","2014/06/16"
케이비자산운용,"대신증권, 삼성증권, 미래에셋대우, KB증권",KBSTAR 일본TOPIX레버리지(H),TOPIX,"69","2014/06/13","2014/06/16"
키움투자자산운용,"신한투자, NH투자증권, 키움증권",KOSEF 인도Nifty50(합성),Nifty 50 Index,"162","2014/06/25","2014/06/26"
미래에셋자산운용,"미래에셋대우, 신한투자, 리딩투자",TIGER 미국나스닥바이오,NASDAQ Biotechnology 지수(시장가격지수),"132","2014/08/26","2014/08/27"
미래에셋자산운용,"메리츠, NH투자증권, 한화투자, 키움증권, 대신증권, 미래에셋대우, 한국증권",TIGER 차이나CSI300레버리지(합성),CSI 300 Index,"2,647","2014/08/28","2014/09/01"
삼성자산운용,"삼성증권, KB증권, 신한투자, 대신증권, 유진증권, NH투자증권, 하이증권, 키움증권",KODEX China H 레버리지(H),Hang Seng China H,"387","2014/09/11","2014/09/12"
한국투자신탁운용,"미래에셋대우, 대신증권",KINDEX 일본TOPIX인버스(합성 H),TOPIX,"68","2014/09/22","2014/09/29"
신한비엔피파리바자산,"신한투자, 미래에셋대우",SMART 선진국MSCI World(합성 H),MSCI World,"148","2014/11/21","2014/11/24"
미래에셋자산운용,"메리츠, 미래에셋대우, NH투자증권, DB금투, KB증권",TIGER 코스피고배당,코스피 고배당 50,"372","2014/12/04","2014/12/05"
디비자산운용,"유진증권, 하이증권",마이티 코스피고배당,코스피 고배당 50,"91","2014/12/11","2014/12/12"
미래에셋자산운용,"메리츠, 미래에셋대우, NH투자증권, KB증권",TIGER 배당성장,코스피 배당성장 50,"186","2014/12/16","2014/12/17"
한국투자신탁운용,"교보증권, 대신증권",KINDEX 배당성장,코스피 배당성장 50,"59","2014/12/16","2014/12/17"
삼성자산운용,"유진증권, 하이증권, 신한투자, 미래에셋대우, KB증권, NH투자증권",KODEX 배당성장,코스피 배당성장 50,"261","2014/12/16","2014/12/17"
삼성자산운용,"미래에셋대우, 메리츠, 유진증권, KB증권, DB금투, NH투자증권",KODEX 삼성그룹밸류,WISE 삼성그룹 밸류 인덱스,"277","2015/01/07","2015/01/08"
한화자산운용,"NH투자증권, 미래에셋대우, 한화투자",ARIRANG 미국다우존스고배당주(합성 H),Dow Jones U.S Select Dividend Index(시장가격지수),"70","2015/01/23","2015/01/26"
삼성자산운용,"미래에셋대우, 메리츠, KB증권, 삼성증권, 유안타증권, 키움증권",KODEX 단기채권PLUS,KRW Cash PLUS 지수(총수익),"9,536","2015/03/02","2015/03/03"
흥국자산운용,KB증권,흥국 S&P코리아로우볼,S&P Korea 저변동성 지수,"125","2015/03/24","2015/03/25"
삼성자산운용,"미래에셋대우, NH투자증권, 신한투자",KODEX 미국S&P에너지(합성),S&P Select Sector Energy Index,"64","2015/04/27","2015/04/28"
미래에셋자산운용,"미래에셋대우, 키움증권, KB증권, 한국증권",TIGER 원유선물인버스(H),S&P GSCI Crude Oil Index ER,"51","2015/04/28","2015/04/29"
미래에셋자산운용,"미래에셋대우, NH투자증권, KB증권, 메리츠",TIGER 가격조정,FnGuide Contrarian Index,"261","2015/04/28","2015/04/29"
삼성자산운용,"DB금투, 삼성증권, 키움증권, 한국증권, SK증권, 신한투자",KODEX 미국S&P500선물(H),S&P 500 Futures Total Return Index,"438","2015/05/28","2015/05/29"
한국투자신탁운용,NH투자증권,KINDEX 중국본토CSI300레버리지(합성),CSI 300 Index,"227","2015/05/27","2015/05/28"
케이비자산운용,"NH투자증권, 미래에셋대우, 삼성증권",KBSTAR 미국S&P원유생산기업(합성 H),S&P Oil & Gas Exploration & Production Select Industry Index(PR),"70","2015/06/01","2015/06/02"
신한비엔피파리바자산,"미래에셋대우, 신한투자",SMART 중국본토 중소형 CSI500(합성 H),CSI 500 지수,"67","2015/06/05","2015/06/08"
미래에셋자산운용,"메리츠, 대신증권, 미래에셋대우, 키움증권, 한국증권",TIGER 차이나CSI300인버스(합성),CSI 300 Index,"427","2015/06/08","2015/06/10"
한화자산운용,"미래에셋대우, 한화투자, KB증권, 메리츠, NH투자증권",ARIRANG 스마트베타 Value,WISE 스마트베타 VALUE INDEX,"73","2015/06/26","2015/06/29"
한화자산운용,"미래에셋대우, 메리츠, NH투자증권",ARIRANG 스마트베타 Momentum,WISE 스마트베타 MOMENTUM INDEX,"41","2015/06/26","2015/06/29"
한화자산운용,"미래에셋대우, KB증권, 메리츠, NH투자증권",ARIRANG 스마트베타 Quality,WISE 스마트베타 QUALITY INDEX,"71","2015/06/26","2015/06/29"
삼성자산운용,"KB증권, 메리츠, 유진증권, 신한투자, 대신증권, 하이증권, 키움증권, NH투자증권",KODEX 200가치저변동,코스피 200 가치저변동성,"487","2015/06/25","2015/06/26"
한국투자신탁운용,"NH투자증권, KB증권, 대신증권",KINDEX 골드선물 레버리지(합성 H),S&P WCI Gold Excess Return Index,"285","2015/07/20","2015/07/28"
미래에셋자산운용,"메리츠, 키움증권, 한국증권, 대신증권, 미래에셋대우",TIGER 미국S&P500레버리지(합성 H),S&P 500,"197","2015/07/27","2015/07/29"
미래에셋자산운용,"미래에셋대우, 메리츠, 키움증권, 한국증권",TIGER 미국S&P500선물인버스(H),S&P 500 Futures Total Return Index,"215","2015/07/27","2015/07/29"
미래에셋자산운용,"메리츠, 한국증권, 대신증권, 미래에셋대우",TIGER 유로스탁스레버리지(합성 H),EURO STOXX 50 Index,"85","2015/07/27","2015/07/29"
미래에셋자산운용,"메리츠, 한국증권, 대신증권, 미래에셋대우",TIGER 이머징마켓MSCI레버리지(합성 H),MSCI EM Index,"78","2015/07/27","2015/07/29"
키움투자자산운용,"신한투자, 미래에셋대우, 메리츠, KB증권, 하이증권, 키움증권",KOSEF 미국달러선물 레버리지(합성),미국달러선물지수,"564","2015/08/05","2015/08/10"
한국투자신탁운용,"신한투자, 미래에셋대우",KINDEX 한류,FnGuide 한류스타 지수,"49","2015/08/11","2015/08/19"
삼성자산운용,"DB금투, NH투자증권, KB증권, 유안타증권, 키움증권, 신한투자, 유진증권, 메리츠, 하이증권, 하나금융투자",KODEX 코스피,코스피,"5,768","2015/08/21","2015/08/24"
삼성자산운용,"키움증권, 한화투자, DB금투, 메리츠, 한국증권, NH투자증권, KB증권",KODEX 200 중소형,코스피 200 중소형주지수,"526","2015/08/31","2015/09/01"
한화자산운용,"메리츠, NH투자증권, KB증권, 신한투자, SK증권",ARIRANG 코스피,코스피,"1,157","2015/09/22","2015/09/23"
미래에셋자산운용,"삼성증권, KB증권, 미래에셋대우, 메리츠, NH투자증권",TIGER 200 산업재,코스피 200 산업재,"48","2015/09/22","2015/09/23"
미래에셋자산운용,"삼성증권, KB증권, 미래에셋대우, 메리츠, NH투자증권",TIGER 200 생활소비재,코스피 200 생활소비재,"45","2015/09/22","2015/09/23"
미래에셋자산운용,"삼성증권, KB증권, 미래에셋대우, 메리츠, NH투자증권",TIGER 200 헬스케어,코스피 200 헬스케어,"91","2015/09/22","2015/09/23"
미래에셋자산운용,"메리츠, NH투자증권, 미래에셋대우, KB증권, 하나금융투자",TIGER 우량가치,FnGuide 퀄리티밸류 지수,"382","2015/09/22","2015/09/23"
미래에셋자산운용,"NH투자증권, 미래에셋대우, 하나금융투자, KB증권, 메리츠",TIGER 화장품,WISE 화장품 지수,"89","2015/10/06","2015/10/07"
미래에셋자산운용,"NH투자증권, 미래에셋대우, KB증권, 메리츠",TIGER 여행레저,WISE 여행레저 지수,"52","2015/10/06","2015/10/07"
미래에셋자산운용,"NH투자증권, 미래에셋대우, 유안타증권, KB증권, 메리츠",TIGER 미디어컨텐츠,WISE 미디어컨텐츠 지수,"50","2015/10/06","2015/10/07"
삼성자산운용,"신한투자, DB금투, 씨엘, 이베스트, 삼성증권, 유안타증권, 하나금융투자, 대신증권, 미래에셋대우, 유진증권, 메리츠, NH투자증권, KB증권, SK증권, 하이증권, 키움증권, 한국증권",KODEX 코스닥 150,코스닥 150,"6,768","2015/09/30","2015/10/01"
미래에셋자산운용,"NH투자증권, 유안타증권, 한국증권, KB증권, SK증권, 하나금융투자, 미래에셋대우",TIGER KTOP30,KTOP 30,"69","2015/10/13","2015/10/14"
삼성자산운용,"DB금투, 미래에셋대우, NH투자증권, KB증권",KODEX KTOP30,KTOP 30,"159","2015/10/13","2015/10/14"
키움투자자산운용,"미래에셋대우, 메리츠, KB증권, 하이증권, 키움증권",KOSEF 미국달러선물 인버스2X(합성),미국달러선물지수,"288","2015/11/11","2015/11/16"
미래에셋자산운용,"씨엘, 삼성증권, 이베스트, 메리츠, 신한투자, KB증권, 미래에셋대우, 하이증권, 한화투자, 부국증권, DB금투, SK증권, NH투자증권, 유안타증권, 교보증권, 키움증권, 하나금융투자, 한국증권, 대신증권",TIGER 코스닥150,코스닥 150,"3,867","2015/11/11","2015/11/12"
한국투자신탁운용,"KB증권, 대신증권",KINDEX 골드선물 인버스2X(합성 H),S&P WCI Gold Excess Return Index,"21","2015/11/27","2015/12/03"
삼성자산운용,"DB금투, 이베스트, 신한투자, 대신증권, 미래에셋대우, 유진증권, 메리츠, NH투자증권, KB증권, SK증권, 하이증권, 키움증권, 삼성증권, 한국증권",KODEX 코스닥150 레버리지,코스닥 150,"11,963","2015/12/16","2015/12/17"
미래에셋자산운용,"이베스트, 한국증권, 대신증권, 메리츠, 신한투자, 씨엘, KB증권, 유안타증권, 하나금융투자, 미래에셋대우, 삼성증권, 하이증권, 한화투자, 부국증권, SK증권, NH투자증권, 교보증권",TIGER 코스닥150 레버리지,코스닥 150,"972","2015/12/16","2015/12/17"
한화자산운용,"메리츠, KB증권, NH투자증권",ARIRANG 스마트베타 LowVOL,WISE 스마트베타 LowVOL 지수,"57","2016/01/11","2016/01/12"
삼성자산운용,"미래에셋대우, KB증권, 메리츠, DB금투, NH투자증권, SK증권",KODEX 코스피100,코스피 100,"179","2016/01/26","2016/01/27"
삼성자산운용,"신한투자, 유진증권, 미래에셋대우, KB증권",KODEX 배당성장채권혼합,배당성장채권혼합지수,"191","2016/01/26","2016/01/27"
미래에셋자산운용,"미래에셋대우, 유진증권, KB증권",TIGER 경기방어채권혼합,경기방어소비재 채권혼합 지수,"131","2016/01/26","2016/01/27"
케이비자산운용,"삼성증권, KB증권, 한국증권, NH투자증권, 키움증권, 유진증권",KBSTAR V&S셀렉트밸류,FnGuide 셀렉트 밸류 지수,"77","2016/02/01","2016/02/02"
한화자산운용,"KB증권, 미래에셋대우",ARIRANG 스마트베타Quality채권혼합,WISE-KAP 스마트베타 Quality 채권혼합지수,"61","2016/02/23","2016/02/24"
한국투자신탁운용,"신한투자, 한국증권, 미래에셋대우",KINDEX 일본Nikkei225(H),Nikkei 225,"85","2016/02/26","2016/03/03"
한화자산운용,"미래에셋대우, KB증권",ARIRANG 우량회사채50 1년,KOBI HALF CREDIT Index(총수익),"106","2016/03/21","2016/03/22"
미래에셋자산운용,"미래에셋대우, 한국증권, 대신증권",TIGER 일본니케이225,Nikkei 225,"140","2016/03/29","2016/03/31"
케이비자산운용,"한국증권, 삼성증권, KB증권",KBSTAR V&S셀렉트밸류채권혼합,FnGuide 셀렉트벨류 채권혼합지수,"63","2016/04/11","2016/04/12"
삼성자산운용,"한국증권, 대신증권, 메리츠",KODEX 바이오,FnGuide 바이오 지수,"151","2016/05/12","2016/05/13"
미래에셋자산운용,"대신증권, 미래에셋대우, 메리츠, 한국증권",TIGER 인도니프티50레버리지(합성),Nifty 50 Index,"158","2016/05/12","2016/05/13"
미래에셋자산운용,"NH투자증권, KB증권, 한화투자, 미래에셋대우, SK증권, 메리츠, 하이증권, 유안타증권, 키움증권",TIGER 200IT레버리지,코스피 200 정보기술,"212","2016/05/12","2016/05/13"
미래에셋자산운용,"KB증권, NH투자증권, 한화투자, 미래에셋대우, SK증권, 메리츠, 하이증권, 유안타증권",TIGER 200에너지화학레버리지,코스피 200 에너지/화학,"114","2016/05/12","2016/05/13"
삼성자산운용,"한국증권, NH투자증권, 미래에셋대우, 메리츠, KB증권",KODEX 모멘텀Plus,FnGuide 모멘텀 Plus 지수,"187","2016/05/12","2016/05/13"
삼성자산운용,"메리츠, KB증권, NH투자증권",KODEX 퀄리티Plus,FnGuide 퀄리티 Plus 지수,"130","2016/05/12","2016/05/13"
삼성자산운용,"대신증권, 미래에셋대우, NH투자증권, 메리츠, KB증권",KODEX 밸류Plus,FnGuide 벨류 Plus 지수,"130","2016/05/12","2016/05/13"
미래에셋자산운용,"메리츠, 미래에셋대우, 하이증권, 한국증권, 대신증권, NH투자증권",TIGER 차이나HSCEI,Hang Seng China H,"699","2016/06/14","2016/06/16"
삼성자산운용,"NH투자증권, 미래에셋대우, KB증권, 메리츠, 대신증권",KODEX 가치투자,FnGuide 가치투자형 지수,"73","2016/06/23","2016/06/24"
삼성자산운용,"NH투자증권, KB증권, 메리츠, 신한투자, DB금투",KODEX 성장투자,FnGuide 성장투자형 지수,"154","2016/06/23","2016/06/24"
삼성자산운용,"NH투자증권, KB증권, 메리츠, 키움증권",KODEX 턴어라운드투자,FnGuide 턴어라운드투자형 지수,"207","2016/06/23","2016/06/24"
미래에셋자산운용,"한국증권, 대신증권",TIGER 미국다우존스30,Dow Jones Industrial Average,"258","2016/06/29","2016/07/01"
미래에셋자산운용,"한국증권, 대신증권",TIGER 유로스탁스배당30,Euro STOXX Select Dividend 30,"128","2016/06/29","2016/07/01"
미래에셋자산운용,"메리츠, 한국증권, 대신증권",TIGER 일본TOPIX헬스케어(합성),TOPIX-17 Pharmaceutical Index,"103","2016/06/29","2016/07/01"
미래에셋자산운용,"메리츠, 한국증권, 대신증권",TIGER S&P글로벌헬스케어(합성),S&P Global 1200 Health Care Index,"130","2016/06/29","2016/07/01"
한국투자신탁운용,"대신증권, 메리츠, NH투자증권, 삼성증권",KINDEX 베트남VN30(합성),VN30 Index(PR),"2,191","2016/06/28","2016/07/01"
케이비자산운용,"NH투자증권, KB증권, 삼성증권",KBSTAR 차이나HSCEI(H),Hang Seng China H,"99","2016/08/04","2016/08/10"
삼성자산운용,"DB금투, 이베스트, KB증권, 삼성증권, 유진증권, 메리츠, 하이증권, 키움증권, 신한투자, 한국증권, NH투자증권, 미래에셋대우",KODEX 코스닥150선물인버스,F-코스닥150 지수,"1,420","2016/08/09","2016/08/10"
미래에셋자산운용,"이베스트, 메리츠, 신한투자, 한국증권, 미래에셋대우, KB증권, 하나금융투자, 삼성증권, 한화투자, 부국증권, 하이증권, 유안타증권, SK증권, NH투자증권, 교보증권",TIGER 코스닥150선물인버스,F-코스닥150 지수,"92","2016/08/04","2016/08/10"
한화자산운용,"신한투자, 유진증권, 메리츠, NH투자증권, 삼성증권",ARIRANG 고배당저변동50,FnGuide 고배당저변동50 지수,"294","2016/08/10","2016/08/11"
한화자산운용,"미래에셋대우, KB증권",ARIRANG 고배당주채권혼합,FnGuide 고배당 채권혼합 지수,"116","2016/08/10","2016/08/11"
삼성자산운용,"신한투자, 미래에셋대우, 키움증권",KODEX 선진국MSCI World,MSCI World,"3,887","2016/08/08","2016/08/17"
한국투자신탁운용,NH투자증권,KINDEX 코스닥(합성),코스닥지수,"59","2016/09/01","2016/09/06"
미래에셋자산운용,"신한투자, 메리츠, NH투자증권, 미래에셋대우, KB증권",TIGER 200동일가중,코스피 200 동일가중지수,"461","2016/09/19","2016/09/20"
케이비자산운용,"하이증권, KB증권, 미래에셋대우, 삼성증권, BNK증권, 신한투자, SK증권, 메리츠, 이베스트, 유안타증권, NH투자증권, 키움증권",KBSTAR 200선물레버리지,코스피 200 선물지수,"410","2016/09/08","2016/09/12"
케이비자산운용,"하이증권, KB증권, 미래에셋대우, 삼성증권, BNK증권, 신한투자, 메리츠, 이베스트, NH투자증권, 키움증권",KBSTAR 200선물인버스,코스피 200 선물지수,"54","2016/09/08","2016/09/12"
키움투자자산운용,"미래에셋대우, 메리츠, SK증권, 키움증권, KB증권, NH투자증권, 이베스트",KOSEF 200선물레버리지,코스피 200 선물지수,"268","2016/09/09","2016/09/12"
키움투자자산운용,"미래에셋대우, 메리츠, SK증권, 키움증권, KB증권, NH투자증권",KOSEF 200선물인버스,코스피 200 선물지수,"87","2016/09/09","2016/09/12"
삼성자산운용,"신한투자, DB금투, 하나금융투자, 메리츠, NH투자증권",KODEX 200동일가중,코스피 200 동일가중지수,"507","2016/09/19","2016/09/20"
케이비자산운용,"유안타증권, 하이증권, KB증권, 미래에셋대우, 삼성증권, BNK증권, 신한투자, SK증권, 하나금융투자, 메리츠, 이베스트, NH투자증권, 키움증권",KBSTAR 200선물인버스2X,코스피 200 선물지수,"390","2016/09/21","2016/09/22"
미래에셋자산운용,"교보증권, 하나금융투자, 한화투자, SK증권, 신한투자, 한국증권, 대신증권, 미래에셋대우, NH투자증권, 이베스트, 하이증권, 부국증권, 메리츠, 유안타증권, KB증권, 키움증권",TIGER 200선물인버스2X,코스피 200 선물지수,"971","2016/09/21","2016/09/22"
삼성자산운용,"이베스트, 신한투자, 한국증권, 대신증권, 미래에셋대우, 유진증권, 메리츠, NH투자증권, KB증권, SK증권, 삼성증권, DB금투, 하이증권, 키움증권, BNK증권",KODEX 200선물인버스2X,코스피 200 선물지수,"4,887","2016/09/21","2016/09/22"
키움투자자산운용,"미래에셋대우, 메리츠, SK증권, 키움증권, KB증권, NH투자증권, 이베스트",KOSEF 200선물인버스2X,코스피 200 선물지수,"123","2016/09/21","2016/09/22"
한화자산운용,"메리츠, NH투자증권, SK증권, 미래에셋대우, KB증권",ARIRANG 200선물인버스2X,코스피 200 선물지수,"37","2016/09/20","2016/09/22"
케이비자산운용,"삼성증권, KB증권, 메리츠, NH투자증권, 키움증권",KBSTAR 헬스케어,FnGuide 헬스케어 지수,"83","2016/09/22","2016/09/23"
케이비자산운용,"삼성증권, KB증권, 메리츠, NH투자증권",KBSTAR 헬스케어채권혼합,FnGuide 헬스케어 채권혼합 지수,"81","2016/09/22","2016/09/23"
한화자산운용,"미래에셋대우, KB증권, 메리츠, NH투자증권, SK증권",ARIRANG 200선물레버리지,코스피 200 선물지수,"77","2016/09/27","2016/09/29"
미래에셋자산운용,"한국증권, 미래에셋대우, 유안타증권",TIGER 대만TAIEX선물(H),TAIEX 지수,"105","2016/10/05","2016/10/07"
케이비자산운용,"KB증권, 삼성증권, 메리츠, NH투자증권, 키움증권",KBSTAR 모멘텀밸류,FnGuide 모멘텀&밸류 지수,"237","2016/10/13","2016/10/14"
케이비자산운용,"KB증권, 삼성증권, 메리츠, NH투자증권, 키움증권",KBSTAR 모멘텀로우볼,FnGuide 모멘텀&로우볼 지수,"253","2016/10/13","2016/10/14"
한국투자신탁운용,NH투자증권,KINDEX 인도네시아MSCI(합성),MSCI Indonesia Index,"215","2016/10/27","2016/11/01"
삼성자산운용,"미래에셋대우, NH투자증권",KODEX 심천ChiNext(합성),SZSE ChiNext Price Index,"95","2016/11/07","2016/11/08"
한화자산운용,"미래에셋대우, NH투자증권",ARIRANG 심천차이넥스트(합성),SZSE ChiNext Price Index,"40","2016/11/07","2016/11/08"
미래에셋자산운용,"하이증권, NH투자증권, 미래에셋대우, KB증권, 메리츠, 키움증권",TIGER 코스닥150IT,코스닥 150 정보기술,"100","2016/12/14","2016/12/15"
미래에셋자산운용,"하이증권, NH투자증권, 미래에셋대우, KB증권, 메리츠",TIGER 코스닥150바이오테크,코스닥 150 생명기술,"60","2016/12/14","2016/12/15"
키움투자자산운용,"한국증권, 미래에셋대우, KB증권, 키움증권, NH투자증권",KOSEF 배당바이백Plus,WISE 배당바이백플러스 지수,"108","2016/12/15","2016/12/16"
키움투자자산운용,"한국증권, 미래에셋대우, KB증권, 키움증권, NH투자증권",KOSEF 저PBR가중,FnGuide 저BPR 가중 지수,"89","2016/12/15","2016/12/16"
삼성자산운용,"삼성증권, 미래에셋대우, 한국증권, 신한투자, 유진증권, 하이증권",KODEX WTI원유선물(H),S&P GSCI Crude Oil Index ER,"125","2016/12/23","2016/12/27"
한국투자신탁운용,"미래에셋대우, NH투자증권",KINDEX 필리핀MSCI(합성),MSCI Philippines IMI Index,"68","2016/12/23","2016/12/28"
삼성자산운용,"삼성증권, 키움증권, 미래에셋대우, KB증권, 신한투자, 유진증권, 하이증권, 하나금융투자",KODEX 미국달러선물,미국달러선물지수,"193","2016/12/26","2016/12/27"
삼성자산운용,"삼성증권, 키움증권, KB증권, 미래에셋대우, 신한투자, 유진증권, SK증권, 하이증권",KODEX 미국달러선물인버스,미국달러선물지수,"72","2016/12/26","2016/12/27"
삼성자산운용,"삼성증권, 키움증권, 미래에셋대우, KB증권, 신한투자, 유진증권, SK증권, 하이증권",KODEX 미국달러선물레버리지,미국달러선물지수,"207","2016/12/26","2016/12/27"
삼성자산운용,"삼성증권, 키움증권, KB증권, 신한투자, 유진증권, 하이증권, 하나금융투자",KODEX 미국달러선물인버스2X,미국달러선물지수,"90","2016/12/26","2016/12/27"
미래에셋자산운용,"키움증권, 한국증권, 대신증권, 미래에셋대우",TIGER 미국달러선물레버리지,미국달러선물지수,"100","2016/12/23","2016/12/27"
미래에셋자산운용,"키움증권, 한국증권, 대신증권, 미래에셋대우",TIGER 미국달러선물인버스2X,미국달러선물지수,"272","2016/12/23","2016/12/27"
미래에셋자산운용,"NH투자증권, 미래에셋대우, 메리츠, KB증권",TIGER 우선주,코스피 우선주 지수,"274","2017/01/05","2017/01/06"
한화자산운용,"미래에셋대우, KB증권, IBK증권",ARIRANG 단기우량채권,KAP Money Market Credit Index(Total Retrun),"240","2017/01/24","2017/01/25"
한국투자신탁운용,"미래에셋대우, 메리츠, NH투자증권",KINDEX 러시아MSCI(합성),MSCI Russia 25% Capped Price Return Index,"116","2017/03/16","2017/03/21"
삼성자산운용,"키움증권, NH투자증권, 메리츠",KODEX 헬스케어,KRX 헬스케어,"75","2017/03/27","2017/03/28"
한화자산운용,"메리츠, 삼성증권, 유진증권, NH투자증권, 유안타증권",ARIRANG 중형주저변동50,FnGuide 중형주저변동50지수,"231","2017/03/27","2017/03/28"
삼성자산운용,"메리츠, 키움증권, NH투자증권",KODEX 필수소비재,KRX 필수소비재,"415","2017/03/27","2017/03/28"
삼성자산운용,"키움증권, 메리츠, NH투자증권",KODEX 경기소비재,KRX 경기소비재,"93","2017/03/27","2017/03/28"
삼성자산운용,"키움증권, 유안타증권, NH투자증권, 메리츠",KODEX IT,KRX 정보기술,"71","2017/03/27","2017/03/28"
삼성자산운용,"키움증권, 메리츠, NH투자증권",KODEX 미디어&엔터테인먼트,KRX 미디어&엔터테인먼트,"95","2017/03/27","2017/03/28"
미래에셋자산운용,"미래에셋대우, 메리츠, KB증권, NH투자증권",TIGER 지속배당,WISE 지속배당 지수,"75","2017/03/29","2017/03/30"
케이비자산운용,"NH투자증권, KB증권, 삼성증권, 메리츠, DB금투, 신한투자, 하이증권, 유안타증권, 키움증권",KBSTAR 고배당,FnGuide 고배당포커스 지수,"544","2017/04/13","2017/04/14"
미래에셋자산운용,"미래에셋대우, 메리츠, KB증권, NH투자증권",TIGER 코스닥150로우볼,코스닥 150 저변동성,"66","2017/04/21","2017/04/25"
케이비자산운용,"미래에셋대우, NH투자증권, KB증권, 삼성증권, 키움증권",KBSTAR 미국장기국채선물(H),S&P U.S. Treasury Bond Futures Excess Return Index,"63","2017/04/14","2017/04/20"
케이비자산운용,"미래에셋대우, NH투자증권, KB증권, 삼성증권, 키움증권",KBSTAR 미국장기국채선물인버스(H),S&P U.S. Treasury Bond Futures Excess Return Index,"56","2017/04/14","2017/04/20"
케이비자산운용,"미래에셋대우, NH투자증권, KB증권, 삼성증권, 키움증권",KBSTAR 미국장기국채선물레버리지(합성 H),S&P U.S. Treasury Bond Futures Excess Return Index,"77","2017/04/14","2017/04/20"
케이비자산운용,"미래에셋대우, NH투자증권, KB증권, 삼성증권, 키움증권",KBSTAR 미국장기국채선물인버스2X(합성 H),S&P U.S. Treasury Bond Futures Excess Return Index,"59","2017/04/14","2017/04/20"
미래에셋자산운용,"메리츠, 신한투자, 교보증권, 한국증권, 대신증권, 미래에셋대우, NH투자증권, KB증권, 한화투자, 유안타증권, 이베스트, 씨엘, SK증권, 하이증권, 부국증권, 키움증권",TIGER 200선물레버리지,코스피 200 선물지수,"1,201","2017/04/24","2017/04/25"
한화자산운용,"신한투자, 미래에셋대우, KB증권, 하이증권",ARIRANG 미국S&P500(H),S&P 500,"163","2017/05/11","2017/05/16"
한화자산운용,"한국증권, 미래에셋대우",ARIRANG S&P글로벌인프라,S&P Global Infrastructure Index,"71","2017/05/10","2017/05/16"
미래에셋자산운용,"한국증권, 대신증권, 메리츠",TIGER S&P글로벌인프라(합성),S&P Global Infrastructure Index,"116","2017/05/15","2017/05/16"
삼성자산운용,"신한투자, 미래에셋대우, NH투자증권",KODEX S&P글로벌인프라(합성),S&P Global Infrastructure Index,"120","2017/05/15","2017/05/16"
삼성자산운용,"신한투자, 유진증권, 삼성증권, 하이증권, 한국증권",KODEX WTI원유선물인버스(H),S&P GSCI Crude Oil Index ER,"26","2017/06/12","2017/06/13"
삼성자산운용,"신한투자, 한국증권, 유진증권",KODEX 3대농산물선물(H),S&P GSCI Grains Select Index ER,"65","2017/06/12","2017/06/13"
케이비자산운용,"NH투자증권, 하나금융투자, 삼성증권, 유안타증권, KB증권, 키움증권, 메리츠, 신한투자, 하이증권, 한국증권, BNK증권, DB금투",KBSTAR 코스닥150,코스닥 150,"1,802","2017/06/15","2017/06/16"
케이비자산운용,"키움증권, 미래에셋대우, KB증권",KBSTAR 단기국공채액티브,KIS 종합채권국공채3M~1.5Y지수,"936","2017/06/28","2017/06/29"
케이비자산운용,"키움증권, 미래에셋대우, KB증권",KBSTAR 중장기국공채액티브,KIS 종합채권국공채4~5Y지수,"618","2017/06/28","2017/06/29"
삼성자산운용,"키움증권, 미래에셋대우, KB증권",KODEX 종합채권(AA-이상)액티브,KAP 한국종합채권지수,"9,177","2017/06/16","2017/06/29"
삼성자산운용,"미래에셋대우, 메리츠, 키움증권",KODEX 단기변동금리부채권액티브,KAP 단기변동금리부은행채권지수,"1,339","2017/06/28","2017/06/29"
미래에셋자산운용,"키움증권, 미래에셋대우, 메리츠",TIGER 단기채권액티브,KIS 통안채 3개월(총수익),"4,393","2017/06/28","2017/06/29"
한국투자신탁운용,"키움증권, 미래에셋대우, KB증권",KINDEX 중장기국공채액티브,KIS 종합채권국공채1-10Y지수,"334","2017/06/28","2017/06/29"
삼성자산운용,"NH투자증권, 신한투자, 메리츠, KB증권",KODEX MSCI모멘텀,MSCI Korea IMI Momentum Capped,"50","2017/07/10","2017/07/11"
삼성자산운용,"NH투자증권, 메리츠, 신한투자, 유진증권, KB증권",KODEX MSCI밸류,MSCI Korea IMI Enhanced Value Capped,"163","2017/07/10","2017/07/11"
삼성자산운용,"메리츠, 유진증권, NH투자증권, KB증권, 하이증권",KODEX MSCI퀄리티,MSCI Korea IMI Quality Capped,"86","2017/07/10","2017/07/11"
케이비자산운용,"미래에셋대우, DB금투, 신한투자, 유진증권, 메리츠, NH투자증권, KB증권, 삼성증권, 키움증권",KBSTAR KQ고배당,FnGuide KQ고배당포커스 지수,"668","2017/07/06","2017/07/07"
한국투자신탁운용,"메리츠, NH투자증권, 한국증권, KB증권",KINDEX 스마트모멘텀,FnGuide 스마트 모멘텀 지수,"91","2017/07/07","2017/07/11"
한국투자신탁운용,"메리츠, NH투자증권, 한국증권, KB증권",KINDEX 스마트밸류,FnGuide 스마트 밸류 지수,"116","2017/07/07","2017/07/11"
교보악사자산운용,"미래에셋대우, NH투자증권, 교보증권, KB증권, SK증권, DB금투, 하이증권",파워 스마트밸류,KRX 스마트 밸류지수,"81","2017/07/10","2017/07/11"
케이비자산운용,"NH투자증권, 한국증권, BNK증권, 메리츠, KB증권, 유안타증권, 키움증권",KBSTAR 코스닥150선물인버스,F-코스닥150 지수,"17","2017/07/31","2017/08/01"
미래에셋자산운용,"미래에셋대우, 한국증권, 대신증권, 메리츠, 신한투자",TIGER 글로벌4차산업혁신기술(합성 H),MorningStar Exponential Technologies Index(PR),"1,967","2017/07/28","2017/08/01"
미래에셋자산운용,"한국증권, 대신증권, 메리츠",TIGER 글로벌자원생산기업(합성 H),MorningStar Global Upstream Resources Index(PR),"114","2017/07/28","2017/08/01"
삼성자산운용,신한투자,KODEX 미국S&P고배당커버드콜(합성 H),S&P500 Dividend Aristocrats Covered Call(7.2% Premium) Index,"176","2017/08/09","2017/08/10"
케이비자산운용,"키움증권, NH투자증권, 삼성증권",KBSTAR 글로벌4차산업IT(합성 H),S&P Global 1200 Information Technology and Interactive Media & Services(PR),"72","2017/08/14","2017/08/17"
삼성자산운용,"미래에셋대우, 신한투자, NH투자증권",KODEX 글로벌4차산업로보틱스(합성),ROBO Global Robotics & Automation UCITS Price Return Index,"148","2017/08/16","2017/08/17"
한국투자신탁운용,"신한투자, 한국증권, 미래에셋대우",KINDEX S&P아시아TOP50,S&P ASIA50 Price Return Index,"587","2017/08/18","2017/08/23"
케이비자산운용,"신한투자, 메리츠, KB증권, 하이증권, 키움증권, NH투자증권, 한국증권, BNK증권",KBSTAR 코스닥150선물레버리지,F-코스닥150 지수,"1,480","2017/08/30","2017/08/31"
한화자산운용,"메리츠, 삼성증권, 하이증권, NH투자증권",ARIRANG ESG우수기업,WISE ESG우수기업 지수,"169","2017/08/30","2017/08/31"
미래에셋자산운용,"미래에셋대우, 메리츠, NH투자증권, KB증권, 키움증권, DB금투, 유안타증권, 하이증권, 유진증권",TIGER 코스피,코스피,"1,862","2017/08/30","2017/08/31"
미래에셋자산운용,"미래에셋대우, 메리츠, NH투자증권, KB증권",TIGER 코스피대형주,코스피 대형주,"376","2017/08/30","2017/08/31"
미래에셋자산운용,"미래에셋대우, 메리츠, NH투자증권, KB증권, 키움증권",TIGER 코스피중형주,코스피 중형주,"835","2017/08/30","2017/08/31"
한화자산운용,"미래에셋대우, KB증권, IBK증권",ARIRANG 단기채권액티브,"KAP 투자적격 크레딧 채권 1년 지수(A- 이상,총수익)","276","2017/09/22","2017/09/26"
한국투자신탁운용,"NH투자증권, 삼성증권",KINDEX 미국4차산업인터넷(합성 H),다우존스 인터넷 종합지수,"110","2017/10/12","2017/10/17"
삼성자산운용,"유진증권, 메리츠, NH투자증권, DB금투",KODEX 고배당,FnGuide 고배당 Plus 지수,"629","2017/10/16","2017/10/17"
삼성자산운용,"신한투자, NH투자증권, 하나금융투자, 메리츠",KODEX 최소변동성,KRX 최소변동성지수,"126","2017/10/16","2017/10/17"
한화자산운용,"한국증권, 메리츠, KB증권, 삼성증권, NH투자증권",ARIRANG 주도업종,FnGuide 주도업종 지수,"95","2017/10/16","2017/10/17"
케이비자산운용,"메리츠, NH투자증권, KB증권, 삼성증권, 키움증권",KBSTAR 중소형고배당,FnGuide 중소형고배당포커스 지수,"341","2017/11/01","2017/11/02"
삼성자산운용,"KB증권, 삼성증권, DB금투, 하이증권",KODEX 미국러셀2000(H),FTSE Russell 2000 Index,"67","2017/11/07","2017/11/09"
삼성자산운용,"삼성증권, DB금투, 하이증권, KB증권",KODEX 골드선물인버스(H),S&P GSCI GOLD Index Excess Return,"47","2017/11/07","2017/11/09"
케이비자산운용,"미래에셋대우, 메리츠, KB증권, 키움증권",KBSTAR 국고채3년선물인버스,국채선물지수,"725","2017/11/08","2017/11/09"
삼성자산운용,"신한투자, 한국증권, 대신증권, 미래에셋대우, 유진증권, 메리츠, NH투자증권, KB증권, 한화투자, 유안타증권, 삼성증권, DB금투, 씨엘, 하이증권, 키움증권, 이베스트",KODEX MSCI Korea TR,MSCI Korea TR Index,"8,389","2017/11/08","2017/11/09"
삼성자산운용,"신한투자, 한국증권, 대신증권, 미래에셋대우, 유진증권, 메리츠, NH투자증권, KB증권, 유안타증권, SK증권, 삼성증권, DB금투, 하이증권, 키움증권, 이베스트, BNK증권",KODEX 200TR,코스피 200 TR,"9,826","2017/11/20","2017/11/21"
케이비자산운용,"NH투자증권, KB증권, 삼성증권, 키움증권",KBSTAR 지주회사,WISE 지주회사테마지수(시장가격지수),"59","2017/11/27","2017/11/30"
삼성자산운용,"유진증권, 키움증권",KODEX 200미국채혼합,코스피 200 미국채 혼합지수,"101","2017/11/28","2017/11/30"
케이비자산운용,"유안타증권, 메리츠, NH투자증권, KB증권, 키움증권",KBSTAR 200IT,코스피 200 정보기술,"692","2017/12/07","2017/12/08"
케이비자산운용,"메리츠, NH투자증권, KB증권, 키움증권",KBSTAR 200금융,코스피 200 금융,"56","2017/12/07","2017/12/08"
케이비자산운용,"유안타증권, 메리츠, NH투자증권, KB증권, 키움증권",KBSTAR 200에너지화학,코스피 200 에너지/화학,"43","2017/12/07","2017/12/08"
케이비자산운용,"메리츠, NH투자증권, KB증권, 키움증권",KBSTAR 200중공업,코스피 200 중공업,"50","2017/12/07","2017/12/08"
케이비자산운용,"메리츠, NH투자증권, KB증권, 키움증권",KBSTAR 200철강소재,코스피 200 철강/소재,"40","2017/12/07","2017/12/08"
삼성자산운용,"키움증권, 신한투자, 미래에셋대우",KODEX 중국본토CSI300,CSI 300 Index,"565","2017/11/29","2017/12/13"
하이자산운용,"신한투자, 한국증권, 미래에셋대우, 유진증권, 메리츠, NH투자증권, 한화투자, SK증권, 삼성증권, 하이증권, 하나금융투자",FOCUS ESG리더스,KRX ESG Leaders 150,"243","2017/12/12","2017/12/13"
한화자산운용,"한국증권, 미래에셋대우, 한화투자",ARIRANG 미국나스닥기술주,NASDAQ 100 Technology Sector Index,"93","2017/12/12","2017/12/13"
케이비자산운용,"메리츠, NH투자증권, KB증권, 키움증권",KBSTAR 200생활소비재,코스피 200 생활소비재,"41","2017/12/21","2017/12/22"
케이비자산운용,"메리츠, NH투자증권, KB증권, 키움증권",KBSTAR 200경기소비재,코스피 200 경기소비재,"49","2017/12/21","2017/12/22"
케이비자산운용,"메리츠, NH투자증권, KB증권, 키움증권",KBSTAR 200건설,코스피 200 건설,"55","2017/12/21","2017/12/22"
케이비자산운용,"메리츠, NH투자증권, KB증권, 키움증권",KBSTAR 200산업재,코스피 200 산업재,"45","2017/12/21","2017/12/22"
삼성자산운용,"NH투자증권, 신한투자, DB금투, 하나금융투자",KODEX MSCI KOREA ESG유니버설,MSCI Korea ESG Universal Capped Index,"204","2018/02/06","2018/02/07"
미래에셋자산운용,"미래에셋대우, 메리츠, NH투자증권, KB증권",TIGER MSCI KOREA ESG유니버설,MSCI Korea ESG Universal Index,"56","2018/02/06","2018/02/07"
미래에셋자산운용,"미래에셋대우, 메리츠, NH투자증권, KB증권",TIGER MSCI KOREA ESG리더스,MSCI Korea Country ESG Leaders Capped Index,"51","2018/02/06","2018/02/07"
한화자산운용,"미래에셋대우, 메리츠, IBK증권",ARIRANG 국채선물10년,10년국채선물지수,"59","2018/02/05","2018/02/07"
미래에셋자산운용,"미래에셋대우, NH투자증권, DB금투, 유안타증권",TIGER 200커버드콜ATM,코스피 200 커버드콜 ATM 지수,"117","2018/02/08","2018/02/09"
케이비자산운용,"KB증권, 키움증권, NH투자증권",KBSTAR ESG사회책임투자,KRX ESG 사회책임경영지수(S),"63","2018/02/26","2018/02/27"
케이비자산운용,"NH투자증권, KB증권",KBSTAR 200고배당커버드콜ATM,코스피 200 고배당커버드콜 ATM 지수(시장가격지수),"70","2018/02/26","2018/02/27"
한국투자신탁운용,"NH투자증권, 삼성증권",KINDEX 멕시코MSCI(합성),MSCI MEXICO IMI 25/50 Price return Index,"76","2018/03/06","2018/03/09"
키움투자자산운용,"미래에셋대우, NH투자증권, KB증권, 키움증권",KOSEF 코스닥150선물,F-코스닥150 지수,"37","2018/03/15","2018/03/16"
키움투자자산운용,"미래에셋대우, NH투자증권, KB증권, 키움증권",KOSEF 코스닥150선물인버스,F-코스닥150 지수,"118","2018/03/15","2018/03/16"
키움투자자산운용,"미래에셋대우, NH투자증권, KB증권, 키움증권",KOSEF 코스닥150선물레버리지,F-코스닥150 지수,"65","2018/03/15","2018/03/16"
삼성자산운용,"유진증권, KB증권, 하이증권",KODEX China H선물인버스(H),Hang Seng China Enterprises Futures Index(Price Return),"43","2018/03/15","2018/03/16"
케이비자산운용,"NH투자증권, KB증권",KBSTAR 차이나H선물인버스(H),Hang Seng China Enterprises Futures Index(Price Return),"58","2018/03/22","2018/03/23"
디비자산운용,"NH투자증권, DB금투, 미래에셋대우",마이티 200커버드콜ATM레버리지,코스피 200 커버드콜 ATM 지수,"129","2018/03/19","2018/03/20"
삼성자산운용,"유진증권, KB증권, 하이증권",KODEX MSCI EM선물(H),iEdge Emerging Markets Futures Index(ER),"43","2018/03/21","2018/03/23"
신한비엔피파리바자산,"신한투자, 미래에셋대우, NH투자증권, 키움증권, 하나금융투자",SMART KRX300,KRX 300,"681","2018/03/23","2018/03/26"
미래에셋자산운용,"교보증권, 신한투자, 한국증권, 미래에셋대우, 메리츠, NH투자증권, KB증권, 한화투자, 유안타증권, 삼성증권, DB금투, 키움증권, 하나금융투자, 하이증권",TIGER KRX300,KRX 300,"539","2018/03/23","2018/03/26"
한화자산운용,"한국증권, 메리츠, NH투자증권, 한화투자, SK증권, 삼성증권, DB금투, 하이증권, KB증권",ARIRANG KRX300,KRX 300,"313","2018/03/23","2018/03/26"
삼성자산운용,"교보증권, 신한투자, 한국증권, 대신증권, 미래에셋대우, 유진증권, 메리츠, NH투자증권, KB증권, 한화투자, 유안타증권, SK증권, 삼성증권, DB금투, 하이증권, 키움증권, 하나금융투자",KODEX KRX300,KRX 300,"1,166","2018/03/23","2018/03/26"
케이비자산운용,"DB금투, 한국증권, 대신증권, 메리츠, NH투자증권, KB증권, 한화투자, 유안타증권, 하이증권, 키움증권, BNK증권",KBSTAR KRX300,KRX 300,"680","2018/03/23","2018/03/26"
하이자산운용,"메리츠, KB증권, 한화투자, 하이증권, 교보증권, 한국증권",FOCUS KRX300,KRX 300,"164","2018/03/23","2018/03/26"
엔에이치아문디자산운용,"신한투자, 미래에셋대우, 유진증권, 메리츠, NH투자증권, SK증권, KB증권, BNK증권, 한국증권, 키움증권, 한화투자, 삼성증권, 유안타증권, 이베스트, 하나금융투자, 하이증권",HANARO 200,코스피 200,"7,966","2018/03/29","2018/03/30"
미래에셋자산운용,"미래에셋대우, 메리츠, NH투자증권, KB증권, 유안타증권, 삼성증권",TIGER TOP10,FnGuide TOP10 지수,"5,263","2018/03/29","2018/03/30"
미래에셋자산운용,"미래에셋대우, 메리츠, NH투자증권, KB증권, 키움증권",TIGER 대형가치,FnGuide 대형가치 지수,"175","2018/03/29","2018/03/30"
미래에셋자산운용,"미래에셋대우, 메리츠, NH투자증권, KB증권",TIGER 중소형,FnGuide 중소형 지수,"52","2018/03/29","2018/03/30"
미래에셋자산운용,"미래에셋대우, 메리츠, NH투자증권, KB증권, 키움증권",TIGER 대형성장,FnGuide 대형성장 지수,"128","2018/03/29","2018/03/30"
미래에셋자산운용,"미래에셋대우, 메리츠, NH투자증권, KB증권, 키움증권",TIGER 중소형가치,FnGuide 중소형가치 지수,"169","2018/03/29","2018/03/30"
미래에셋자산운용,"미래에셋대우, 메리츠, NH투자증권, KB증권, 키움증권",TIGER 중소형성장,FnGuide 중소형성장 지수,"60","2018/03/29","2018/03/30"
삼성자산운용,"메리츠, KB증권, 키움증권",KODEX 국채선물3년인버스,국채선물지수,"51","2018/04/12","2018/04/13"
미래에셋자산운용,"한국증권, 미래에셋대우, 메리츠, 신한투자",TIGER 일본엔선물,엔선물지수,"86","2018/04/16","2018/04/17"
미래에셋자산운용,"한국증권, 미래에셋대우, 메리츠, 신한투자",TIGER 일본엔선물인버스,엔선물지수,"66","2018/04/16","2018/04/17"
미래에셋자산운용,"미래에셋대우, 한국증권, 메리츠, 신한투자",TIGER 일본엔선물레버리지,엔선물지수,"79","2018/04/16","2018/04/17"
미래에셋자산운용,"한국증권, 미래에셋대우, 메리츠, 신한투자",TIGER 일본엔선물인버스2X,엔선물지수,"60","2018/04/16","2018/04/17"
키움투자자산운용,"미래에셋대우, 메리츠, NH투자증권, KB증권, 삼성증권, 키움증권, 하이증권",KOSEF 200TR,코스피 200 TR,"2,582","2018/04/20","2018/04/23"
신한비엔피파리바자산,"교보증권, 신한투자, NH투자증권, 키움증권, 이베스트, 미래에셋대우",SMART 200TR,코스피 200 TR,"4,905","2018/04/20","2018/04/23"
케이비자산운용,"메리츠, KB증권, 키움증권",KBSTAR 국채선물10년,10년국채선물지수,"329","2018/05/10","2018/05/11"
케이비자산운용,"메리츠, KB증권, 키움증권",KBSTAR 국채선물10년인버스,10년국채선물지수,"60","2018/05/10","2018/05/11"
한화자산운용,"메리츠, NH투자증권, KB증권, 한화투자",ARIRANG 200동일가중,코스피 200 동일가중지수,"51","2018/05/10","2018/05/11"
한화자산운용,"메리츠, NH투자증권, KB증권, 한화투자",ARIRANG 200퀄리티,코스피 200 퀄리티 가중 지수,"55","2018/05/10","2018/05/11"
한화자산운용,"메리츠, NH투자증권, KB증권, 한화투자",ARIRANG 200밸류,코스피 200 밸류 가중 지수,"81","2018/05/10","2018/05/11"
한화자산운용,"메리츠, NH투자증권, KB증권, 한화투자",ARIRANG 200모멘텀,코스피 200 모멘텀 가중 지수,"59","2018/05/10","2018/05/11"
한화자산운용,"메리츠, NH투자증권, KB증권, 한화투자",ARIRANG 200로우볼,코스피 200 로우볼 가중 지수,"101","2018/05/10","2018/05/11"
한국투자신탁운용,"미래에셋대우, 한국증권, 키움증권",KINDEX 국채선물3년인버스,국채선물지수,"50","2018/06/05","2018/06/08"
한화자산운용,"미래에셋대우, 메리츠, 한화투자, IBK증권",ARIRANG 국채선물3년,국채선물지수,"61","2018/06/07","2018/06/08"
한국투자신탁운용,"미래에셋대우, 한국증권, 키움증권",KINDEX 국채선물10년인버스,10년국채선물지수,"46","2018/06/05","2018/06/08"
삼성자산운용,"미래에셋대우, 유안타증권",KODEX 한국대만IT프리미어,한국 대만 IT 프리미어지수,"49","2018/06/07","2018/06/11"
삼성자산운용,"한국증권, 메리츠, NH투자증권",KODEX FnKorea50,FnKorea 50 지수,"66","2018/06/07","2018/06/08"
한화자산운용,"메리츠, 한국증권, NH투자증권, 한화투자",ARIRANG 코스피중형주,코스피 중형주,"33","2018/07/04","2018/07/05"
한화자산운용,"한화투자, 메리츠, NH투자증권, 한국증권, SK증권",ARIRANG 코스닥150,코스닥 150,"20","2018/07/04","2018/07/05"
한화자산운용,"유진증권, 메리츠, KB증권, SK증권, NH투자증권",ARIRANG 코스닥150선물인버스,F-코스닥150 지수,"65","2018/07/10","2018/07/11"
케이비자산운용,"KB증권, 메리츠, NH투자증권, 키움증권",KBSTAR KQ모멘텀로우볼,FnGuide KQ 모멘텀&로우볼 지수,"37","2018/07/17","2018/07/18"
케이비자산운용,"KB증권, 메리츠, NH투자증권, 키움증권",KBSTAR KQ모멘텀밸류,FnGuide KQ 모멘텀&밸류 지수,"39","2018/07/17","2018/07/18"
케이비자산운용,"메리츠, NH투자증권, 키움증권, KB증권",KBSTAR 중소형모멘텀로우볼,FnGuide 중소형 모멘텀&로우볼 지수,"40","2018/07/17","2018/07/18"
케이비자산운용,"메리츠, NH투자증권, 키움증권, KB증권",KBSTAR 중소형모멘텀밸류,FnGuide 중소형모멘텀&밸류 지수(시장가격 지수),"41","2018/07/17","2018/07/18"
미래에셋자산운용,"NH투자증권, 미래에셋대우, 메리츠, KB증권, 키움증권",TIGER 중장기국채선물인버스2X,국채 3-10년 선물지수,"73","2018/07/19","2018/07/20"
미래에셋자산운용,"NH투자증권, 미래에셋대우, 메리츠, KB증권, 키움증권",TIGER 중장기국채선물인버스,국채 3-10년 선물지수,"77","2018/07/19","2018/07/20"
미래에셋자산운용,"NH투자증권, 미래에셋대우, 메리츠, KB증권, 키움증권",TIGER 중장기국채,KIS 국채 3-10년 지수(시장가격지수),"363","2018/07/19","2018/07/20"
미래에셋자산운용,"NH투자증권, 미래에셋대우, 메리츠, KB증권, 키움증권",TIGER 국채선물3년인버스,국채선물지수,"80","2018/07/19","2018/07/20"
미래에셋자산운용,"NH투자증권, 미래에셋대우, 메리츠, KB증권, 키움증권",TIGER 국채선물10년인버스,10년국채선물지수,"75","2018/07/19","2018/07/20"
케이비자산운용,"메리츠, NH투자증권, 키움증권, KB증권",KBSTAR 게임테마,WISE 게임 테마 지수 (시장가격지수),"40","2018/07/23","2018/07/24"
삼성자산운용,"NH투자증권, 신한투자, 대신증권, 메리츠, 하이증권, KB증권",KODEX 게임산업,FnGuide 게임 산업 지수,"80","2018/07/23","2018/07/24"
미래에셋자산운용,"메리츠, NH투자증권, KB증권",TIGER K게임,WISE K게임 테마 지수,"53","2018/07/23","2018/07/24"
케이비자산운용,"DB금투, KB증권, 메리츠, NH투자증권, 키움증권",KBSTAR 코스피,코스피,"2,453","2018/07/23","2018/07/24"
엔에이치아문디자산운용,"BNK증권, KB증권, 이베스트, 한화투자, 삼성증권, 한국증권, 메리츠, NH투자증권, 하이증권, 신한투자",HANARO 200선물레버리지,코스피 200 선물지수,"212","2018/08/13","2018/08/14"
엔에이치아문디자산운용,"KB증권, 미래에셋대우, 메리츠, NH투자증권, 유안타증권, 하이증권, 신한투자",HANARO KRX300,KRX 300,"194","2018/08/13","2018/08/14"
엔에이치아문디자산운용,"KB증권, 이베스트, 한국증권, 미래에셋대우, 유진증권, 메리츠, NH투자증권, 유안타증권, SK증권, 하이증권, 키움증권, 하나금융투자, 신한투자",HANARO 코스닥150,코스닥 150,"332","2018/08/13","2018/08/14"
삼성자산운용,"하이증권, 키움증권",KODEX 미국나스닥100선물(H),NASDAQ 100,"51","2018/08/28","2018/08/30"
미래에셋자산운용,"한국증권, 메리츠, KB증권, 미래에셋대우, NH투자증권, 키움증권",TIGER 미국채10년선물,S&P 10-Year U.S. Treasury Note Futures(ER),"181","2018/08/29","2018/08/30"
삼성자산운용,"NH투자증권, 키움증권",KODEX 미국채울트라30년선물(H),S&P Ultra T-Bond Futures Index(ER),"65","2018/09/10","2018/09/12"
삼성자산운용,"NH투자증권, 키움증권",KODEX 미국채울트라30년선물인버스(H),S&P Ultra T-Bond Futures Index(ER),"55","2018/09/10","2018/09/12"
삼성자산운용,"신한투자, 대신증권, 미래에셋대우, 유진증권, 메리츠, 하이증권, 키움증권, NH투자증권, KB증권",KODEX 2차전지산업,FnGuide 2차전지 산업 지수,"174","2018/09/11","2018/09/12"
미래에셋자산운용,"하이증권, 미래에셋대우, 메리츠, NH투자증권, KB증권, 하나금융투자",TIGER 2차전지테마,WISE 2차전지 테마 지수,"312","2018/09/11","2018/09/12"
엔에이치아문디자산운용,"미래에셋대우, 유진증권, 메리츠",HANARO 단기통안채,KAP 단기 통안채 지수(총수익),"932","2018/09/17","2018/09/18"
엔에이치아문디자산운용,"BNK증권, 신한투자, 미래에셋대우, 메리츠, NH투자증권, 하이증권, KB증권, 한화투자, 삼성증권",HANARO 200선물인버스,코스피 200 선물지수,"325","2018/09/17","2018/09/18"
엔에이치아문디자산운용,"BNK증권, 신한투자, 미래에셋대우, 메리츠, NH투자증권, 하이증권, KB증권",HANARO 코스닥150선물레버리지,F-코스닥150 지수,"51","2018/09/17","2018/09/18"
한국투자신탁운용,"NH투자증권, KB증권",KINDEX 코스피,코스피,"453","2018/10/04","2018/10/05"
삼성자산운용,"신한투자, 한국증권, 대신증권, 미래에셋대우, 유진증권, 메리츠, NH투자증권, KB증권, 한화투자, SK증권, 삼성증권, DB금투, 하이증권, 키움증권, 하나금융투자",KODEX KRX300레버리지,KRX 300,"161","2018/10/15","2018/10/16"
삼성자산운용,"신한투자, 한국증권, 대신증권, 미래에셋대우, 유진증권, 메리츠, NH투자증권, KB증권, 한화투자, SK증권, 삼성증권, DB금투, 하이증권, 키움증권, 하나금융투자",KODEX KRX300선물인버스,KRX 300 선물지수,"101","2018/10/15","2018/10/16"
케이비자산운용,"한국증권, KB증권, 키움증권, BNK증권",KBSTAR KRX300레버리지,KRX 300,"94","2018/10/15","2018/10/16"
케이비자산운용,"KB증권, 키움증권, 한국증권, BNK증권",KBSTAR KRX300선물인버스,KRX 300 선물지수,"81","2018/10/15","2018/10/16"
미래에셋자산운용,"미래에셋대우, 메리츠, NH투자증권, KB증권, 유안타증권",TIGER KRX300레버리지,KRX 300,"95","2018/10/15","2018/10/16"
미래에셋자산운용,"미래에셋대우, 메리츠, NH투자증권, KB증권, 유안타증권",TIGER KRX300선물인버스,KRX 300 선물지수,"71","2018/10/15","2018/10/16"
삼성자산운용,"미래에셋대우, 유진증권",KODEX 미국채10년선물,S&P 10-Year U.S. Treasury Note Futures KRW(ER),"56","2018/10/17","2018/10/19"
한국투자신탁운용,신한투자,KINDEX 미국WideMoat가치주,MorningStar Wide Moat Focus Index,"57","2018/10/23","2018/10/25"
미래에셋자산운용,"미래에셋대우, 메리츠, NH투자증권, KB증권",TIGER 의료기기,FnGuide 의료기기 지수,"70","2018/11/07","2018/11/08"
미래에셋자산운용,"미래에셋대우, 메리츠, NH투자증권, KB증권",TIGER 지주회사,FnGuide 지주회사 지수,"81","2018/11/07","2018/11/08"
한화자산운용,"신한투자, 한국증권",ARIRANG KRX300IT,KRX300 정보기술,"30","2018/11/07","2018/11/08"
한화자산운용,"한국증권, 메리츠, 하이증권",ARIRANG KRX300자유소비재,KRX300 자유소비재,"40","2018/11/07","2018/11/08"
한화자산운용,"미래에셋대우, 한화투자, 하이증권",ARIRANG KRX300금융,KRX300 금융,"48","2018/11/07","2018/11/08"
한화자산운용,"한화투자, 하이증권, KB증권",ARIRANG KRX300산업재,KRX300 산업재,"52","2018/11/07","2018/11/08"
한화자산운용,"미래에셋대우, 메리츠, 한화투자",ARIRANG KRX300헬스케어,KRX300 헬스케어,"28","2018/11/07","2018/11/08"
미래에셋자산운용,"NH투자증권, KB증권, 삼성증권, 한국증권, 미래에셋대우, 메리츠",TIGER 200TR,코스피 200 TR,"1,005","2018/11/19","2018/11/20"
미래에셋자산운용,"NH투자증권, KB증권, 삼성증권, 한국증권, 미래에셋대우, 메리츠",TIGER MSCI Korea TR,MSCI Korea TR Index,"7,207","2018/11/19","2018/11/20"
케이비자산운용,"미래에셋대우, 키움증권",KBSTAR 중국MSCI China선물(H),MSCI China NTR Index(USD) (Net Total Return),"58","2018/11/27","2018/11/28"
엔에이치아문디자산운용,"메리츠, NH투자증권",HANARO 농업융복합산업,FnGuide 농업융복합산업 지수(시장가격),"72","2018/12/20","2018/12/21"
삼성자산운용,"한국증권, 미래에셋대우, 하이증권",KODEX 미국FANG플러스(H),NYSE FANG+TM Index,"55","2019/01/08","2019/01/10"
미래에셋자산운용,"미래에셋대우, 메리츠, NH투자증권, KB증권",TIGER 200커뮤니케이션서비스,코스피 200 커뮤니케이션서비스,"111","2019/01/14","2019/01/15"
케이비자산운용,"메리츠, 키움증권, NH투자증권, KB증권",KBSTAR 200커뮤니케이션서비스,코스피 200 커뮤니케이션서비스,"53","2019/01/14","2019/01/15"
삼성자산운용,"교보증권, NH투자증권, KB증권, 신한투자, 한국증권, 미래에셋대우, 메리츠, 삼성증권, 키움증권",KODEX Top5PlusTR,FnGuide TOP 5 Plus Total Return 지수,"3,961","2019/01/21","2019/01/22"
케이비자산운용,"KB증권, BNK증권, 메리츠, 신한투자, 키움증권, 하이증권",KBSTAR 대형고배당10TR,WISE 대형고배당10 TR 지수,"2,002","2019/01/21","2019/01/22"
키움투자자산운용,"NH투자증권, BNK증권, SK증권, 미래에셋대우, 메리츠, 한화투자, 하이증권, 키움증권",KOSEF 코스닥150,코스닥 150,"1,341","2019/01/21","2019/01/22"
한국투자신탁운용,삼성증권,KINDEX 싱가포르리츠,Morningstar Singapore REIT Yield Focus Index(PR),"204","2019/01/24","2019/01/29"
케이비자산운용,"메리츠, 키움증권, KB증권, 한국증권",KBSTAR KRX300미국달러선물혼합,KRX 300 미국달러 선물혼합지수,"70","2019/03/18","2019/03/19"
미래에셋자산운용,"하이증권, 메리츠, 키움증권",TIGER 골드선물(H),S&P GSCI Gold Index(TR),"86","2019/04/08","2019/04/09"
한국투자신탁운용,"한국증권, KB증권",KINDEX 스마트퀄리티,FnGuide 스마트 퀄리티 지수,"72","2019/04/15","2019/04/16"
한국투자신탁운용,"한국증권, KB증권",KINDEX 스마트로우볼,FnGuide 스마트 로우볼 지수,"72","2019/04/15","2019/04/16"
한국투자신탁운용,"한국증권, KB증권",KINDEX 스마트하이베타,FnGuide 스마트 하이베타 지수,"76","2019/04/15","2019/04/16"
엔에이치아문디자산운용,"신한투자, 메리츠, NH투자증권, KB증권",HANARO e커머스,FnGuide E커머스 지수,"82","2019/04/22","2019/04/23"
엔에이치아문디자산운용,"신한투자, 메리츠, NH투자증권, KB증권",HANARO 고배당,FnGuide 고배당 알파 지수,"91","2019/04/22","2019/04/23"
삼성자산운용,"신한투자, 한국증권, 메리츠, 키움증권",KODEX Fn성장,FnGuide 성장 지수(PR),"937","2019/05/30","2019/05/31"
삼성자산운용,"유진증권, 메리츠, 하이증권, 키움증권",KODEX 배당가치,FnGuide SLV 배당가치 지수,"1,192","2019/05/30","2019/05/31"
삼성자산운용,"신한투자, 미래에셋대우",KODEX 멀티에셋하이인컴(H),Morningstar Multi-Asset High Income 10% Capped Index,"83","2019/06/03","2019/06/05"
케이비자산운용,키움증권,KBSTAR IT플러스,FnGuide IT플러스 지수,"73","2019/06/19","2019/06/20"
케이비자산운용,키움증권,KBSTAR 내수주플러스,FnGuide 내수주플러스 지수,"67","2019/06/19","2019/06/20"
한화자산운용,"미래에셋대우, 메리츠, 한화투자",ARIRANG 코스피TR,코스피 TR,"429","2019/06/24","2019/06/25"
삼성자산운용,"신한투자, 미래에셋대우",KODEX TRF7030,FnGuide TRF 7030 지수,"205","2019/07/03","2019/07/04"
삼성자산운용,"신한투자, 미래에셋대우",KODEX TRF5050,FnGuide TRF 5050 지수,"203","2019/07/03","2019/07/04"
삼성자산운용,"신한투자, 미래에셋대우",KODEX TRF3070,FnGuide TRF 3070 지수,"404","2019/07/03","2019/07/04"